<?xml version="1.0" encoding="UTF-8"?>
<project-private xmlns="http://www.netbeans.org/ns/project-private/1">
    <editor-bookmarks xmlns="http://www.netbeans.org/ns/editor-bookmarks/2" lastBookmarkId="0"/>
    <open-files xmlns="http://www.netbeans.org/ns/projectui-open-files/2">
        <group>
            <file>file:/C:/wamp64/www/java-orientado-objeto/projetos-netbeans/visual-bruno/visual/visual/src/visual/ResulSet.java</file>
            <file>file:/C:/wamp64/www/java-orientado-objeto/projetos-netbeans/visual-bruno/visual/visual/src/visual/questionar.java</file>
            <file>file:/C:/wamp64/www/java-orientado-objeto/projetos-netbeans/visual-bruno/visual/visual/src/visual/realizarTeste.java</file>
            <file>file:/C:/wamp64/www/java-orientado-objeto/projetos-netbeans/visual-bruno/visual/visual/src/visual/conector.java</file>
            <file>file:/C:/wamp64/www/java-orientado-objeto/projetos-netbeans/visual-bruno/visual/visual/src/visual/Visual.java</file>
            <file>file:/C:/wamp64/www/java-orientado-objeto/projetos-netbeans/visual-bruno/visual/visual/src/visual/Principal.java</file>
            <file>file:/C:/wamp64/www/java-orientado-objeto/projetos-netbeans/visual-bruno/visual/visual/src/visual/Respostas.java</file>
        </group>
    </open-files>
</project-private>
